n,wr_pct,avg_win,avg_loss,payoff,net_total,fees_total,avg_net,exit_kinds,combo
235,37.4,3.63,-4.04,0.9,-274.03,91.96,-1.17,"{""sl"": 161, ""time"": 2, ""actual_close"": 49, ""chand"": 23}",k1.0_r2_2.0_t24h
235,36.6,5.34,-5.02,1.06,-288.34,91.96,-1.23,"{""sl"": 145, ""time"": 3, ""actual_close"": 70, ""chand"": 17}",k1.5_r2_2.0_t24h
235,36.6,6.12,-5.36,1.14,-272.81,91.96,-1.16,"{""sl"": 111, ""time"": 4, ""actual_close"": 108, ""chand"": 12}",k2.0_r2_2.0_t24h
235,37.0,3.54,-4.03,0.88,-288.81,91.96,-1.23,"{""sl"": 171, ""actual_close"": 52, ""chand"": 12}",k1.0_r2_3.0_t48h
236,35.2,4.91,-5.26,0.93,-396.79,2.5,-1.68,"{""max_hold_timeout"": 9, ""manual"": 1, ""ai_reverse"": 2, ""breakeven_tp"": 47, ""trend_broken: 持仓 0.3h，浮亏"": 1, ""trend_broken: 4h空头排列未破（E"": 1, ""trend_broken: 趋势判断：4h虽仍空"": 1, ""trend_broken: 原始论点『4h空头趋"": 1, ""trend_broken: 开仓0小时浮盈仅+0"": 1, ""trend_broken: 4h空头结构虽未破坏"": 1, ""trend_broken: invalidati"": 2, ""trend_broken: 持仓刚开 0h 即浮"": 1, ""trend_broken: 4h 空头排列确认，"": 1, ""trend_broken: 趋势判断：原始空头依"": 1, ""trend_broken: 开仓0.5607，现"": 1, ""trend_broken: 复查结论：原始空头论"": 1, ""trend_broken: 复查结论：原始做空论"": 1, ""trend_broken: 4h/1d 均 be"": 1, ""trend_broken: 逆势多单复查：4h "": 1, ""trend_broken: 复查结论：原始 sh"": 1, ""trend_broken: 开仓仅0.3小时，浮"": 1, ""trend_broken: 平仓。原始空头论点依"": 1, ""trend_broken: 多周期共振反向：4h"": 20, ""[no_progress] hold=18.0h"": 3, ""midlong:no_progress [no_"": 6, ""[swing_invalidation] mid"": 2, ""midlong:bias_reversal [s"": 5, ""tp"": 2, ""sl"": 51, ""trend_broken: 当前持仓为 shor"": 1, ""profit_drawdown_hard"": 1, ""trend_broken: 原始空头论点基于 1"": 1, ""trend_broken: 原始做多论点已失效。"": 1, ""master_running_close"": 5, ""trend_broken: 原始做空论点基于 1"": 1, ""exit_policy:sl_pct"": 1, ""thesis_should_close"": 19, ""thesis_invalidation"": 2, ""thesis_long_propagate"": 1, ""exit_policy:trailing_cal"": 3, ""exit_policy:min_roi_deca"": 32, ""reversal_4h"": 1}",C_actual
142,43.7,3.73,-4.08,0.91,-95.06,46.75,-0.67,"{""sl"": 101, ""time"": 1, ""actual_close"": 21, ""chand"": 19}",k1.0_r2_2_t24h_F1_btc_up
183,37.2,3.69,-3.7,1.0,-175.15,70.66,-0.96,"{""sl"": 122, ""time"": 2, ""actual_close"": 42, ""chand"": 17}",k1.0_r2_2_t24h_F2_price_ge_1
142,44.4,3.85,-4.88,0.79,-143.34,57.44,-1.01,"{""actual_close"": 22, ""sl"": 103, ""chand"": 17}",k1.0_r2_2_t24h_F3_tpl_range
109,43.1,3.78,-3.59,1.05,-45.41,34.6,-0.42,"{""sl"": 76, ""time"": 1, ""actual_close"": 18, ""chand"": 14}",k1.0_r2_2_t24h_F1+F2
81,46.9,3.96,-4.27,0.93,-33.06,25.38,-0.41,"{""sl"": 57, ""actual_close"": 11, ""chand"": 13}",k1.0_r2_2_t24h_F1+F2+F3
